id,Scientific Name,Water Consuption,Environmental Conditions,uses
Sunflower,Helianthus annus,"The water requirements of sunflower vary from 600 to 1000mm, depending on climate and length of total growing period. Evapotranspiration increases from establishment to flowering, and can be as high as 12 to 15 mm/day.","Sunflower grows well on neutral to moderately alkaline soils, with a range of pH 6.5 – 8.0, but dislikes acid conditions. Wild varieties are tolerant of poor drainage but cultivated varieties are unsuited to such conditions, which increase susceptibility to fungal disease and lodging from lack of support.","The leaves are used as fodder, the flowers yield a yellow dye, and the seeds contain oil and are used for food. The sweet yellow oil obtained by compression of the seeds is considered equal to olive or almond oil for table use. Sunflower oil cake is used for stock and poultry feeding"
Sedum purple,Hylotelephium telephium,water sedum whenever the top 2 inches of soil are dry. Aim for the base of each plant and thoroughly soak the soil.,"Light: Sedum (or 'stone crop flower') do best in full to part sun. While taller hybrids need full sun to flower their best, creeping types will grow fine in part shade. Soil: Sedums like a very well-drained soil with a neutral to slightly alkaline pH. Wet, heavy clay can lead to root and stem rot.",The most widespread and popular use of Sedum is to treat pain and inflammation. Current research is aimed at revealing its anti-inflammatory and anti-nociceptive mechanism of action.
Red clover,Trifolium pratense,30cm3 deionised water per day,"Generally, red clover thrives in cool, moist climates, but its deep roots allow it to thrive in drought conditions better than other clover varieties.","Historically, red clover was used for asthma, whooping cough, cancer, and gout. Today, extracts from red clover are most often promoted for menopause symptoms, high cholesterol levels, or osteoporosis."
Red rose,Rosa,2 inches of water per week(4 to 5 gallons),"The ideal climate for rose growing should have temperature with a minimum of 15°C and maximum of 28°C. Light is important factor which decides the growth. The growth is slowed by day length, i.e. > 12 hours and heavy overcast, cloudy/mist conditions. High relative humidity exposes the plant to serious fungal diseases.","This plant is also used as a gentle laxative (16). Rose oil heals depression, grief, nervous stress and tension. It helps in the reduction of thirst, healing old caugh, special complaints of women, wound healing, and skin health. Vapor therapy of rose oil is helpful for some allergies, headaches, and migraine"
Red hot poker,Kniphofia,"Provide red hot poker plants with 1 inch of water every week during hot summers. Make sure the water saturates the soil 5 to 6 inches deep each time, but let the soil dry out between waterings.","Grows in deep, fertile, humus-rich, moist but well- drained, preferably sandy soil. They prefer full sun but will tolerate partial shade.",":Red in colour, it rises like a torch on the bushy foliage leaves, as the name suggests. Their nectar is drinkable and is used for creams and ointments. Red hot poker is popular with bees and butterflies as well because of this nectar. Important to note is their limited winter hardiness."
lotus,Nelumbo nucifera,"Set the container in the pond so that the top of the soil is two to four inches under water. Taller varieties of lotus can grow in water up to 18 inches or deeper, while dwarf varieties do best in water two to 12 inches deep.","While damp habitats offer ideal growing conditions for lotus flowers, they can also tolerate hot sun and high temperatures. Their root system can easily adapt to different types of soils, though they grow best in clay loams. These are soils that contain a mixture of clay, sand, and silt.","People use lotus for bleeding, cough, fever, liver and stomach problems, and other conditions, but there is no scientific evidence to support these uses. In Asia, various parts of the lotus plant are commonly used for cooking, baking, and adding flavor to beverages."
Hibiscus flower,Hibiscus,"In the flowering stage, the hibiscus requires more water. During summers as well, it needs a fair bit of watering but not too much so as to drown the plant.","Hibiscus plants do best in areas with full sun and regular amounts of water. They can be found in landscapes, containers, hanging baskets, raised beds, or as houseplants. Provide good drainage. Prune out old wood.","Hibiscus is used for treating loss of appetite, colds, heart and nerve diseases, upper respiratory tract pain and swelling (inflammation), fluid retention, stomach irritation, and disorders of circulation; for dissolving phlegm; as a gentle laxative; and as a diuretic to increase urine output"
Jasmine flower,Jasminum,"Jasmine flowers that are in-ground should be watered once a week. If it is unusually dry or hot, increase the frequency, but let the soil dry out in between. If your jasmine is in a container, it will likely require water multiple times each week, especially in the hotter months.","Jasmine prefers mild and tropical climate. Jasmine is commercially grown in India under open field conditions. The ideal requirements for successful cultivation of jasmine are mild winter, warm summer, moderate rainfall and sunny days.","Jasmine is inhaled to improve mood, reduce stress, and reduce food cravings. In foods, jasmine is used to flavor beverages, frozen dairy desserts, candy, baked goods, gelatins, and puddings. In manufacturing, jasmine is used to add fragrance to creams, lotions, and perfumes."
Datura flower,Datura stramonium,Watered once a week,"Datura growing wild in Southern California. The greatest diversity of species occurs in Central America and Mexico, suggesting this as the origin of the genus, but there is ample evidence that these plants were used culturally both in the New World and in Asia as sacred plants for many millennia","The seeds of Datura are analgesic, anthelmintic and anti-inflammatory and as such, they are used in the treatment of stomach and intestinal pain that results from worm infestation, toothache, and fever from inflammation. The juice of its fruit is applied to the scalp, to treat dandruff and falling hair"
Mushroom,Agaricus bisporas,A pound of mushrooms only requires only 1.8 gallons of water,"Moisture is crucial for mushroom growth both in the substrate and the surrounding environment. During the fruiting stage, your oyster mushrooms need relative humidity levels of 80 – 95%. High humidity is especially important during pinning because if baby mushroom pins completely dry out, they stop growing","Mushrooms are a rich, low calorie source of fiber, protein, and antioxidants. They may also mitigate the risk of developing serious health conditions, such as Alzheimer's, heart disease, cancer, and diabetes."
Waxflower,Chamelaucium,"Fung Wax Flower needs 0.8 cups of water every 12 days when it doesn't get direct sunlight and is potted in a 5.0"" pot.","The wax flower likes dry conditions, so make sure not to overwater, and don't keep them anywhere humid. They can also thrive through the winter, and even start to bloom in the later months. They'll tolerate drought well, so only water when the soil has dried out.","Symbolizing riches and long-lasting love, the waxflower is often used in wedding bouquets as exotic-looking filler flowers. As an affordable and symbolic choice, Wax Flower is often a viable substitute for baby's breath in arrangements with larger blooms."
Mustard,Brassica nigra,Mustard requires about 31-40 cms of water. The first irrigation should be given at the flowering stage which is about 30 days after sowing. The second irrigation should be given at the pod formation stage which is about 60-65 days after sowing. When mustard is grown as mixed crop it is irrigated as maincrop.,The temperature range needed for the mustard crop is from 10 °C to 25 °C. The mustard crop is grown in regions with annual rainfall ranging from 625 to 1000 mm. This crop needs a clear sky and no frost because it cannot survive frost.,"Mustard is used as a food flavoring and as a forage crop. It has traditionally been used as an emetic and diuretic, as well as a topical treatment for inflammatory conditions such as arthritis and rheumatism."
Banana,Musa acuminata,"Bananas require an average of 4 to 6 inches of water each month, or about 1 to 1 1/2 inches per week, depending on the season.","Banana plants like warm and wet conditions, along with fertile soils. They grow best in the tropics, with an average temperature in the high-20s Celsius, and can be found in plantations in a wide band between 30 degrees north and south of the equator","They may boost your digestion and heart health thanks to their fiber and antioxidant contents. Plus, they may support weight loss because they're relatively low in calories, nutrient dense, and filling. Both ripe, yellow bananas and unripe, green bananas can satisfy your sweet tooth and help keep you healthy."
Aloe vera,Aloe barbadensis miller,"Water aloe vera plants deeply, but infrequently. To discourage rot, allow the soil to dry at least 1 to 2 inches deep between waterings. Don't let your plant sit in water. Water about every 3 weeks and even more sparingly during the winter.","Place in bright, indirect sunlight or artificial light. A western or southern window is ideal. Aloe that are kept in low light often grow leggy. Temperature: Aloe vera do best in temperatures between 55 and 80°F (13 and 27°C).","It contains healthful plant compounds, It has antioxidant and antibacterial properties, It accelerates wound healing, It reduces dental plaque, It helps treat canker sores, It reduces constipation, It may improve skin and prevent wrinkles, It lowers blood sugar levels. "
Almond,Prunus amygdalus,"During peak season, almond trees need 3-4 inches (8–10 cm) of water every 2 weeks. Almond trees require 2 inches (5 cm) of water every 2 weeks in the off-season. This is a pretty high rate of water consumption and it is very necessary","The almond tree thrives in hot and dry climates, but it also has certain needs in cold (250-350 and in some varieties 500 hours), and that's why it cannot be cultivated in tropical climates.","Almonds Reduce Cholesterol, Almonds are Good for Your Heart, Almonds Regulate Blood Sugar, Almonds can help control Blood pressure levels, Almonds have High Vitamin E, Almonds Reduces Weight, Almonds are Rich in Nutrients."
Palash,Butea monosperma,"Palash requires at least six hours of direct sunlight. The soil must be well-drained, fertile, and organic for these plants to flourish. Ensure to keep the water off the leaves when watering the plants once a week. Don't overwater the plant; water it from the base up.","The plant does well in tropical and subtropical climates. It dwells in a wide temperature, ranging from 30° C to 45° C (85° F-115° F). But, thanks to its hardy nature, it can tolerate even the lowest temperature of 2° C (35° F).",Palash is mainly used to get rid of worms from the stomach due to its anthelmintic activity. It can be used to manage diarrhoea as it has antimicrobial and astringent properties. It also helps to manage liver disorders due to its antioxidant properties.
Carex,Carex,it thrives in up to three inches of water,"Sedge prefers a moist, well-drained soil with part shade. Very easy to maintain, Carex requires little if any feeding and in early spring, cut back by 1/3 or simply tease out dead blades to spruce up appearance. Division is best done in the spring.","Carex species and cultivars are popular in horticulture, particularly in shady positions. Native species are used in wildland habitat restoration projects, natural landscaping, and in sustainable landscaping as drought-tolerant grass replacements for lawns and garden meadows."
Marigold flower,Tagetes,"Marigolds growing in containers may need more frequent watering.) Each time you water, be sure to drench the soil, and aim the nozzle or spout of your watering device toward the base of the plants.","Marigolds prefer full sun, but will grow in partial shade. Once the seed germinates, marigolds take around 45-50 days to flower","Fevers, Jaundice, Stomach ulcers, Conjunctivitis (pink eye), Liver problems, Burns and wounds, To stop bleeding."
Lily flower,lilium,"During active growth, water freely—especially if rainfall is less than 1 inch per week. Keep lilies mulched so that their roots are cool. The mulch should feel moist, but not wet.","Light. Peace lilies are shade-loving plants but as an indoor flowering plant, they need to be filtered light throughout the day. Although they do like hot direct sunlight they do appreciate a few hours of early morning sunlight from the east.","Lily-of-the-valley is used for heart problems including heart failure and irregular heartbeat. It is also used for urinary tract infections (UTIs), kidney stones, weak contractions in labor, epilepsy, fluid retention (edema), strokes and resulting paralysis, eye infections (conjunctivitis), and leprosy."
Lotus flower,Nelumbo,"All that is necessary is a H no holes container and a few inches of water above the soil. The smaller varieties need only a couple of inches above the soil, whereas the larger varieties that can grow to 5' tall, will need 8-10"" of water above the soil. Remember to add water to your lotus container as it evaporates.","Lotus will handle some shade, especially in warmer climates, but to grow and bloom their best they prefer full sunlight. The main exception is in hot desert climates, where some shade cloth is desirable. Lotus require temperatures of at least 75 degrees F. for at least three months in summer to do well","People use lotus for bleeding, cough, fever, liver and stomach problems, and other conditions, but there is no scientific evidence to support these uses. In Asia, various parts of the lotus plant are commonly used for cooking, baking, and adding flavor to beverages"
Mallow flower,Malva,"Weekly watering is required only during its first year. After this, your watering regime can be reduced to once every 10-14 days","Mallow is easy to grow and start from seed, as long as you choose a location that provides moist, well-drained, organically rich soil and full sun.","Mallow is used for irritation of the mouth and throat, dry cough, and bronchitis. It is also used for stomach and bladder complaints. To treat wounds, some people put mallow in a warm moist dressing (poultice) and apply it directly to the skin, or add it to bath water. In foods, mallow is used as a coloring agent."
Knapweed,Centaurea,"Greater knapweed needs moderate amounts of water for proper growth, so the watering should be done once every 3-4 days during the spring and fall. When temperature in summer is high, large amounts of water evaporate, so watering should be done twice a day – in the morning and in the evening.","knapweed prefers dry, sandy soils. It is found growing in a wide range of natural and disturbed habitats. Typically invading natural areas, pastures","It is good for catarrh, taken in decoction, and is also made into ointment for outward application for wounds and bruises, sores, etc. Culpepper tells us: 'it is of special use for soreness of throat, swelling of the uvula and jaws, and very good to stay bleeding at the nose and mouth."
Joe pye weed,Eutrochium purpureum,Water Consistently,"Joe-pye weeds in the garden prefer full sun to partial shade. They also like to be kept somewhat moist in average to rich soil. Growing Joe-pye weed will even tolerate wet soil conditions but not overly dry sites. Therefore, in areas with hot, dry summers, plant these ornamental beauties in partially shaded locales.",The Ojibwas used Joe-Pye weed to bless babies. Children were given baths in herb water to soothe and calm them. European settlers used the knowledge handed down from the Native Americans and kept Joe-Pye weed in the “medicine cabinet”. Later 19th century Americans used it for kidney and urinary infections.
Yucca,YUCCA,"Yuccas are highly sensitive to overwatering. Water your plant once a week during the spring and summer growing seasons, but ensure it has excellent drainage and dries out between waterings. Come winter, decrease your watering cadence to once every few weeks (or even less).",Habitats occupied by Mojave yucca are hot and arid. The Mojave Desert where Mojave yucca is most common is considered the most arid of the North American deserts due to combined high temperatures and low rainfall level,"The root of the non-flowering plant is used to make medicine. Yucca is used for osteoarthritis, high blood pressure, migraine headaches, inflammation of the intestine (colitis), high cholesterol, stomach disorders, diabetes, poor circulation, and liver and gallbladder disorders."
Aeonium,Aeonium,"Aeoniums store water in their leaves and stems and need very little watering. In spring and autumn, water the plant thoroughly, then allow the compost to dry out before watering again – this mimics downpours in their natural habitats. Water more sparingly in summer and winter.","Whether you're growing them indoors or out, aeoniums thrive in bright, dry conditions. They store water in their thick, fleshy leaves and need very little water, which means they do best in very well drained soil or in a gravel garden.","Aeonium arboreum has long been used in the traditional medicinal practices of several countries to treat various ailments. It is used as a: diuretic, litholytic, antipyretic, febrifuge, antihemorrhoidal, and anti-inflammatory. Leaves can be used in fresh or dried form"
Agapanthus,Agapanthus,"Water regularly in the growing season, especially in the first year after planting. Once established they will need little watering, but some in late summer in very dry years will help ensure good flowering in the next year.","Agapanthus are best planted in a moist but well-drained soil of sand, clay, chalk or loam within an acidic, alkaline or neutral PH balance. They are best positioned in full sun. As they prefer their roots to be restricted, they make great pot plants",The Agapanthus africanus plant is used by South African traditional healers as a phytomedicine in herbal remedies to treat pregnancy-related ailments and to augment labour. It has already been shown that an aqueous extract of A. africanus causes smooth muscle contractions in the isolated uterus and ileum preparations.
Coconut,Cocos nucifera,"The irrigation requirement varies according to the soil type and climatic condition. Generally, an adult palm requires 600 to 800 litres of water once in four to seven days. Irrigate in basins of 1.8m radius and 10-20 cm depth.",Coconut is essentially a tropical plant but has been found to grow under varying agro climatic conditions. The mean annual temperature for optimum growth and maximum yield is stated to be 270C with a diurnal variation of 60C to 70C and relative humidity more than 60 %.,"The coconut tree provides food, fuel, cosmetics, folk medicine and building materials, among many other uses. The inner flesh of the mature seed, as well as the coconut milk extracted from it, form a regular part of the diets of many people in the tropics and subtropics."
Saffron flower,Crocus sativus,"Indeed, saffron has a low water requirement as only 3000–3600 m3 ha−1 of water is used per year for saffron production in Iran","It might be because of the favorable environmental conditions, viz., average temperature (28.2°C), total rainfall (742.7 mm) and relative humidity (38.3%). It means that saffron required lower relative humidity to produce a higher yield of spice.","Saffron is a powerful spice high in antioxidants. It has been linked to health benefits, such as improved mood, libido, and sexual function, as well as reduced PMS symptoms and enhanced weight loss. Best of all, it's generally safe for most people and easy to add to your diet."
Zinnia flower red,Zinnia,"Water the Zinnia plant regularly, for a total of about 1 inch per week.","Zinnias are sensitive to frost, so do not seed until the last frost has passed in your area. See your local frost dates. Zinnias will grow in a minimum daytime temperature of about 60°F (16°C), though a range of 74–84°F (23–28°C).",Zinnias Are Low-Maintenance and Easy to Grow. Zinnias Make Excellent Cut Flowers. Zinnias Attract Beneficial Pollinators. Zinnia Flowers Are Edible. Zinnias Are Annuals. Zinnias Have a Long Flowering Season. Zinnias Are Beautiful Ornamental Plants. Zinnias May Help Reduce Stress. 
Yellow sow thistle,Sonchus oleraceus,four times as much water as an oat plant.,"Sowthistle typically grows in full sun, moist to slightly dry conditions, and different kinds of soil, including loam, clay-loam, and shallow gravelly","Sonchus oleraceus L., also known as common sow thistle and milk thistle, is a traditional medicinal plant belonging to family Asteraceae, used worldwide in folk medicine to treat gastrointestinal tract disorders, tumor, and inflammatory diseases"
Wild Leek,Allium tricoccum,"A total of 12-15 inches of water may be required depending on planting date, seasonal variation and variety. Soil type does not affect the amount of total water needed, but does decide frequency of water application","Plant the bulbs about 3 inches deep under deciduous trees and mulch with fallen leaves. Wild Leek prefers typical woodland conditions, with dappled sunlight to encourage growth in early spring, and deeper shade later in the summer as the the trees leaf out.","Wild leeks can be enjoyed raw, pickled or cooked. They're the perfect addition to a spring salad, you can use them in soups, pestos and stir-fries, or you can dehydrate them and grind them into a powder. Basically, anywhere you'd use shallots or scallions, you could easily sub a wild leek instead!"
Wild grape wine,Vitis vinifera,"Young grapes require about 1/2 to 1 inch of water per week, depending on rainfall, for the first two years during the growing season. When watering young vines, saturate the root zone. Apply 5 gallons of water over a 3 x 3 foot area for 1 inch of water","Adequate sun, heat, and water during the growing season, and enough cold during the dormancy phase are crucial for healthy growth of vines and production of premium quality grapes. Grapevines thrive best in climates with long warm summers, and rainy winters.","When you make wild grape wine, the seeds of the grapes contain polyphenols, which are micronutrients containing anti-inflammatory and anti-oxidant properties. Evidence has proven that polyphenols can help prevent cancer, type 2 diabetes, cardiovascular and neurodegenerative diseases."
Wild bee balm flowers,Monarda,watering every 7 to 10 days during dry periods.,"Bee balm grows well in hardiness zones 3-9, and is best planted in full sun, though it will tolerate shade in hotter areas, and can benefit from afternoon shade in very warm climates, which will protect plants from heat and lengthen the flowering season",Digestive. Decongestant. Antimicrobial. Analgesic. Antispasmodic. Antifungal. Nervine tonic. Anti-inflammatory. 
White yarrow,Achillea millefolium,Keep the soil evenly moist until the roots become established but after that only water your Yarrow plants when the soil is completely dry. Fertilization is rarely needed. Water your Yarrow plants deeply at least once a week the first summer,"Hot,dry conditions","Yarrow contains chemicals that might help to stop stomachcramps and fight infections. People commonly use yarrow for eczema, irritable bowel syndrome (IBS), wound healing, and many other conditions, but there is no good scientific evidence to support these uses. Yarrow is sometimes called bloodwort."
Viola flower,Viola,"Water regularly, but allow the soil to dry out between waterings. They can tolerate some drought but will bloom best with regular watering",Humidity and temperature. Early spring temperatures between 40- and 70- degrees Fahrenheit are ideal for violet growth. They also flourish in cooler climates. The stress of high temperatures will be lessened by much and water,"Viola has long been used for its medicinal properties. Some of its possible uses include: external application for skin conditions such as eczema, due to its anti-inflammatory and purifying properties. established diuretic action means it can help treat rheumatism, cystitis, and urination difficulties."
Tulip flower,Tulipa,"Tulips need very little water. Water them well just once when planting, then you can forget about them until spring. The only exception is during extended periods of drought when you should water weekly to keep the ground moist.","Tulips prefer a site with full or afternoon sun. In Zones 7 and 8, choose a shady site or one with morning sun only, as tulips don't like a lot of heat. Soil must be well-draining, neutral to slightly acidic, fertile, and dry or sandy. All tulips dislike areas with excessive moisture","Tulip petals are edible and can be used to replace onions in many recipes or even to make wine. At the peak of the tulip mania, the flowers were worth more than diamonds. There are over 150 species of tulips with a shocking 3000 varieties."
Vervain Mallow flower,Malva alcea,"Weekly watering is required only during its first year. After this, your watering regime can be reduced to once every 10-14 days.","Performs best in full sun or part shade, in average, medium moisture, well-drained soils. Best flower color is obtained in full sun. Easy to grow, Common Mallow is a welcomed addition to beds and borders, cottage gardens and wildflower meadows.","Mallow is a plant. People use the flower and leaf to make medicine. Mallow is used for irritation of the mouth and throat, dry cough, and bronchitis."
Tuberose flower,Polianthes tuberosa,"Water regularly during active growth if rain does not occur, with about 1 to 1.5"" of total water per week as a fair estimate","Tuberose prefers to grow in an open sunny location, away from the shade of trees. It requires warm and humid climate although flowering is profuse under mild climate. In India,commercial cultivation of tuberose is confined to warm humid areas with average temperature ranging from 20° to 30°C.","Tuberose can successfully be grown in pots, borders, and beds and commercially cultivated for its various uses. The flowers of tuberose are also used for making artistic garlands, floral ornaments, bouquets, buttonholes, gajras, and extraction of essential oil."
Trachelium flower,Trachelium caeruleum,"In summer, they are watered often and abundantly",Trachelium Plant species such as Blue throatwort are easy to look after. They like a slightly moist soil so water them when the soil starts to dry out. It is also a good idea to protect them from heavy rain in the winter.,"trachelium is a cure for sore throat, and the species name trachelium refers to its use as treatment of the throat in folk medicine"
Touch me not flower,Mimosa pudica,"does not need regular watering, but even then, once in a while, fertiliser can provide the plant with a health boost during its growing stage.","he touch-me-not plant is a tropical plant that needs a temperature range of 60 to 85 degrees Fahrenheit to sustain healthy growth and produce flowers. Since most indoor environments fall within that range, it's perfect for a houseplant. Its USDA zone for outdoors is 9 to 11.","It helps in the treatment of many disorders like piles, dysentery, sinus, insomnia, diarrhea, alopecia and is also applied to cure wounds since ages. Touch-me-not plant helps as it has antibacterial, antivenom, antidepressant, aphrodisiac, anticonvulsant, anti-fertility and anti-asthmatic properties"
Teasel flower,Dipsacus,Teasel needs 0.8 cups of water every 9 days,"Found in damp grassland and field edges, or on disturbed ground, such as roadside verges and waste grounds, they are visited by bees when in flower, and birds when seeding.","Overview. Teazle is an herb. The roots and leaves are used to make medicine. People apply teazle to the skin for wound healing, arthritis, and scaly, itchy skin (psoriasis)."
Statice flower,limonium,"Statice prefers full sun; so provide a bright, sunny location for the best possible blooms. Water your statice seeds and transplants every other day until the plants are well established. Once mature, your statice plant will be quite drought tolerant, so plan on watering only once or twice a week when it is full grown","Easy to grow, Statice performs best in full sun in dry to medium moisture, sandy loams, and well-drained soils. Drought tolerant once established. virtually pest and disease free. Keep an eye out for crown and root rot and make sure you provide good air circulation.","Easy to grow, the statice flower is a popular choice for flower beds as full blooms or as boarders. They are also used by florists as a filler flower in cut arrangements and are widely used for dried arrangements as well."
Rose hips,Rose canina,"Soil, temperature, and surrounding plants affect how much water a rose needs. In temperate climates, weekly watering is usually enough and two inches of water per week (4 to 5 gallons) may be all that is needed. If the soil is sandy or the garden is hot, dry, or windy, more frequent watering may be necessary.","lant your roses in fertile, well-drained soil in a site with good air circulation and full sun. Irrigate during dry weather. Add a 3-inch layer of organic compost.",Rosehip is a herbal medication with anti-inflammatory properties. It's available over the counter in capsule form. Evidence suggests that rosehip may be effective in relieving some symptoms associated with rheumatoid arthritis and osteoarthritis.
Ranunculus flower,Ranunculus,Regular watering,"Ranunculus plants need full sun and rich, well-draining soil. Prepare the planting area by incorporating several inches of compost into the soil. Plant the corms 2” deep and about 9” apart. If there's a chance you could still get some freezing temperatures, cover the planting area with frost cloth.",SBL Ranunculus Bulbosus Dilution 30 CH is a homoeopathic remedy that is useful in treating various ailments related to skin and chest. Formulated from buttercup plant it is useful in treating rheumatic pain in ribs and shoulder blades. It is also useful in reducing burning and itching on the skin.
Protea,protea,"Protea plants are drought-tolerant. All require less than average water. Many will thrive with little supplemental water once established, especially on the coast. Some will tolerate normal (moist) garden conditions, and most will not","Most species originate from the winter-rainfall areas of South Africa and grow in very well-drained, nutrient-poor, acidic soil. As can be expected from their natural coastal and mountainous habitats, they are used to lots of air flowing around them and plenty of sun.","The Protea repens was used in the early Cape Colony to clear chest disorders. A syrup extract from its nectar, known as 'bossiestroop', formed an ingredient in this 'cough mixture'. The Protea caffra is used to treat diarrhoea and bleeding stomach ulcers."
St john,Hypericum perforatum,"St. John's Wort needs minimal supplemental watering after it has fully established, but it does require consistently moist soil after first planting","It grows well in sand, clay, rocky soil or loam, and tolerates acidic to slightly alkaline pH. St. John's wort adapts to both moist and dry soil, and even tolerates occasional flooding. It also withstands drought but grows best with irrigation during prolonged dry spells.","St. John's wort is promoted for depression, menopausal symptoms, attention-deficit hyperactivity disorder (ADHD), somatic symptom disorder (a condition in which a person feels extreme, exaggerated anxiety about physical symptoms), obsessive-compulsive disorder, and other conditions"
Solidago flower,Solidago,Goldenrod is easy to care for and does not need feeding or watering. It should get all the water it needs from rainfall. Divide every three or four years if necessary and deadhead if you do not want plants to self seed,"Golden rod (Solidago canadensis L.) belonging to family Asteraceae, is an erect growing hardy perennial plant grows well in almost all types of climate and soils ranging from light to heavy type. The soil rich in organic matter is ideal for its successful vegetative growth and flowering.","The name solidago means ""to make whole."" Goldenrod has also been used to treat tuberculosis, diabetes, enlargement of the liver, gout, hemorrhoids, internal bleeding, asthma, and arthritis. In folk medicine, it is used as a mouth rinse to treat inflammation of the mouth and throat."
Purple Deadnettle flower,Lamium purpurem,"For purple dead-nettle planted in sunny locations, watering once a week is sufficient to keep the soil moist. More frequent watering is needed to provide enough moisture, as well as help cool the plant in summer heat, as low humidity will lead to yellowing of the leaf edges.","Purple Dead-Nettle grows well in disturbed areas. It grows in areas with full sunlight or light shade and moist, fertile soil. It can be found in gardens, orchards, fields, ditches, and weedy edges of woodlands.","As a medicinal herb, purple dead nettle has astringent, purgative, diuretic, and diaphoretic properties. It's also anti-inflammatory, anti-fungal, and anti-bacterial. Fresh leaves can be applied to wounds as a poultice. You can also enjoy fresh or dry leaves as a tea."
Primrose blue,Primula vulgaris 'Danessa Blue',"Water thoroughly after planting. Add a layer of mulch around the plants to help retain moisture. Continue to give your primroses thorough watering throughout the summer months, about once a week or more during periods of drought, but let off once fall approaches.","Most primroses and primulas do best in partial shade, with moisture-retentive soil. Some are more suited to growing in bog gardens and other varieties will tolerate slightly drier conditions, as long as there's plenty of humus incorporated into the soil when planting. Most don't grow well in harsh, direct sunlight.","Evening primrose oil is not an essential oil commonly used for aromatherapy. Alternative healthcare providers believe that evening primrose oil can aid in the treatment of numerous health conditions, including skin conditions and nerve and joint pain."
Queen anne s lace flower,bDaucus carota,"established in its natural habitat, this plant does not need to be watered or fertilized","Queen Anne's lace is common in dry fields, roadside ditches and open areas. Queen Anne's lace, Daucus carota (Family Apiaceae), is a common sight in dry fields, roadside ditches and open areas.","Queen Anne's lace infusions are often used by those with kidney and bladder infections, cystitis, and gout (Hoffman, 2003) to flush toxins from the body. Some herbalists even suggest Queen Anne's lace infusions for clients with arthritis for this same reason."
Iris flower,Iris,"Water thoroughly when the top two inches of the soil becomes dry to the touch till the water drains out of the drainage hole at the bottom and always drains the bottom plate to avoid overwatering. The more light and warmth the iris gets, the more frequently it will need to be watered","These hardy perennials flourish in USDA Zones 3-9, where winter temperatures dip below freezing and let the plant go dormant before next year's growth","used in perfume and medicine, though more common in ancient times than today. Today Iris essential oil (absolute) from flowers are sometimes used in aromatherapy as sedative medicines. The dried rhizomes are also given whole to babies to help in teething."
Prickly pear cactus,Opuntia,water every two to four weeks for the first year — twice a month in summer and once a month other times of the year,"Prickly pear cactus is native to the southern United States, and quite a few species are native to Florida. This plant is drought and heat tolerant. It requires a sunny, well-drained site and is tolerant of sandy, alkaline soils. Prickly pear will only tolerate wet conditions for a very short period of time.","Prickly pear cactus — or also known as nopal, opuntia and other names — is promoted for treating diabetes, high cholesterol, obesity and hangovers. It's also touted for its antiviral and anti-inflammatory properties"
Pompon,Eupatorium macrocephalum,Watering daily,"Tropical and subtropical climatic conditions are ideal. However, the best temperature for growing chrysanthemum is 20-280C for day and 15-200C for night. Since chrysanthemum is a short day plant, planting should be done such that flowering coincides with short day conditions","One of the most important uses for pompoms in art projects, specifically for younger ages, is enhancing fine motor skills. Pompoms come in various sizes, from as small as a pea to as large as a golf ball."
Poinsettia,Euphorbia pulcherrima,"The key to watering a poinsettia is the moisture content of the potting soil. Check the potting soil daily with your finger. When the soil surface becomes dry to the touch, water the plant until water begins to flow out the bottom of the pot. Discard the excess water",Poinsettias originated from semitropical areas and will not withstand freezing temperatures. Even temperatures above freezing and below 45°F can induce chilling injury in the poinsettias. Optimum temperatures for poinsettia growth are between 60° and 80°F. Growth and development of poinsettias below 60°F is very slow,"Poinsettias are used primarily for ornamental purposes (eg, during the Christmas season) but have also been used traditionally to treat skin conditions, warts, and toothaches; however, clinical data are lacking to support these uses"
Pickerelweed,Pontederia cordata,1.1 litre per plant,"pickerel weed grows best in a sunny location. Its aggressive habit can help stabilize a pond bank, and it is nicely suited for planting in a water retention","Pickerelweed is not only a good food source for aquatic and terrestrial animals. The large leaves and clusters of stems provide excellent cover for fish, birds, insects, swimming mammals, amphibians and reptiles. The dense root system and stems provide a wave barrier protecting shoreline sediment from erosion"
Parlor palm,Chamaedorea elegans,Like other members of the Palm family these too are sensitive to overwatering and cannot tolerate excessive watering. Slight moisture but with a dash of dryness is ideal.,"Parlor Palm thrives well in an apartment space with low light. Even if it is placed near a bright window, the plant creates a shadow of its own and manages rest of the day brightening up the dullest and darkest corner of the house. Parlour Palm is a slow grower and might take years to grow up to a meter","The fronds are popular in flower arrangements, Palm Sunday decorations, and wreaths because they can survive for up to 40 days after being cut from the plant. Parlor palm is a slow grower and can take years to reach full height (2 to 6 feet indoors and 6 to 16 feet outdoors."
Orchid flower,Orchidaceae,apply a splash of water to the moss once every seven to 10 days.,"75% shade net house with 70- 80% humidity, day temperature of 21 - 29oC and night temperature of 18 to 21oC is ideal for growing this tropical orchid. In high rainfall zones, the shade net house should be provided with a rainshelter.",Beneficial for Skin Health. Cures Ulcers. Enhances Eyesight. Aids digestion. Relieves Stress.
Oleander flower,Nerium oliander,An oleander shrub needs 1 to 2 inches of water each week while it is actively growing. Let the soil dry out between waterings.,"Oleanders grow best in full sun and will tolerate even reflected heat from a south or west wall. They will tolerate partial shade, but may have a lanky, open shape. Oleander (Nerium oleander) leaves and branch habit. Oleanders are tolerant of many different soil types, but must have good drainage.","Oleander has traditionally been used in the treatment of cardiac illness, asthma, diabetes mellitus, corns, scabies, cancer, and epilepsy, and in wound healing as an antibacterial/antimicrobial. However, limited quality clinical trials are available to support these uses."
Narcissistic flower,Narcissus,provide daffodils with about an inch of water per week while they are putting on foliage and blooming. Bulbs that are planted under trees should be watered twice a week because of competition for water with thirsty tree roots. Continue watering for three weeks after blooms fade.,Narcissus are perfect in ground cover beds or in perennial borders where emerging plants hide their yellowing foliage. It is crucial that the stems and leaves remain attached to the bulbs until they begin to lose their green colour.,"Ornamental: Narcissus flowers are used in many different areas of life, including decorating rooms and gardens and making perfumes. Medicinal: Narcissus flowers have been used as medicine for centuries because of their healing properties."
Crismon clover,Trifolium,"Crimson clover tolerates from 3.1-16.3 dm (12.2-64.2 inches) of annual precipitation, with the mean of 30 case being 9.2 Duke","Crimson clover grows best on well-drained, fertile, loamy soils, and is adapted to sandy to clayey soils of moderate acidity (pH 5.5 to 7.0); it does not grow well on poorly- drained or highly alkaline soils (Clark, 2007; Knight, 1985). This species tolerates more acidity than white and red clover (Whyte, 1953)","Crimson clover is used for pasture or hay, as a green manure or cover crop in rotation with vegetables or field crops, as a reseeding cover crop between rows in vineyards, berries, and fruit and nut orchards. It is a source of pollen and nectar for pollinators."
purple coneflower,Echinacea purpurea,"Water — 1-2 times per week when established. These are drought-tolerant plants, but they produce better blooms when the soil is consistently moist. Water them deeply and slowly so that the ground beneath the roots holds water. Water them when the top layer of soil is dry.","Coneflower plants thrive in hot, dry climates but can handle a range of temperature and humidity fluctuations. Though, they do not do as well in very humid climate conditions, or in rainy areas where the soil stays wet.","Echinacea, also known as the purple coneflower, is an herbal medicine that has been used for centuries, customarily as a treatment for the common cold, coughs, bronchitis, upper respiratory infections, and some inflammatory conditions."
Chickweed,Stellaria media,"Common Chickweed needs 0.8 cups of water every 9 days when it doesn't get direct sunlight and is potted in a 5.0"" pot.","Chickweed grows best on moist, heavy, nitrogen rich soils at optimum constant temperatures of 12 -20°C. It is very sensitive to drought and is not a problem in drier areas. Chickweed can germinate throughout the year but has two main flushes; one is early spring while the other is late fall.","Chickweed is a plant. The leaf is used to make medicine. Chickweed is used for stomach and bowel problems, lung diseases, wounds and skin ulcers, joint pain, and other conditions, but there is no good scientific evidence to support these uses. In foods, chickweed is eaten in salads or served as cooked greens."
Chamomile,Matricaria recutita,"In both cases, if there are no frequent rainfalls, they need to be watered regularly until the seeds germinate and the plants settle well and start to grow. After this period, the plants do not need regular watering unless there is a prolonged drought.",The best climates for the average chamomile plant are those with long warm days (enough sunshine hours) and cool nights.,"Chamomile preparations are commonly used for many human ailments such as hay fever, inflammation, muscle spasms, menstrual disorders, insomnia, ulcers, wounds, gastrointestinal disorders, rheumatic pain, and hemorrhoids. Essential oils of chamomile are used extensively in cosmetics and aromatherapy."
cattails,Typha latifolia,"Cattails adapt in a variety of interesting ways: They can live in fresh or somewhat brackish water, and can live in up to 2 feet of water or grow in floating ","Cattails are usually found in a dense stand (many together) in up to 2 ft. of water in marshes and other wetlands throughout most of the world. Cattails adapt in a variety of interesting ways: They can live in fresh or somewhat brackish water, and can live in up to 2 feet of water or grow in floating mats.","Cattails are important to wildlife, and many species are also cultivated ornamentally as pond plants and for dried-flower arrangements. The long flat leaves of the common cattail (Typha latifolia) are used especially for making mats and chair seats. The starchy rhizomes are eaten in some places. "
Cannabis flower,Marijuana,"On average, the researchers found, a cannabis plant consumes an estimated 22.7 liters, or 6 gallons, of water per day during the growing season, which is typically 150 days long from June through October.","Cannabis has an ideal humidity range, just as it has an optimal temperature range. Most cannabis growers prefer a range of 40-70% relative humidity, depending on the growth stage. In terms of VPD (vapor pressure deficit), the ideal range is 0.8-1.1 kPa during the growth stage, and 1.0-1.5 kPa during flowering stages.","Cannabis is commonly used as a recreational drug. People also commonly use cannabis for multiple sclerosis (MS) and nerve pain. It is also used for nausea, vomiting, migraine, and many other conditions, but there is no good scientific evidence to support these uses."
Canna,Canna indica,"On average, the researchers found, a cannabis plant consumes an estimated 22.7 liters, or 6 gallons, of water per day during the growing season, which is typically 150 days long from June through October.",canna indica showed a remarkable ability to adapt to different light environments and is suitable a s an intercropping plant under the shade of tree canopies. Shoot length (cm) and leaf area (cm 2 ) of C. indica grown under Full sun (100% light) and 25% of full sunlight.,"Canna can be used to treat menstrual pains. The root can be used to treat gonorrhea and amenorrhoea. In Nigeria, people turn the root into a powder and ingest it to treat diarrhea and dysentery . They also use the flowers as a medicine for malaria."
Calendula flower,Calendula officinalis,"Watering them every three days for about 1 or 2 weeks should suffice. Once the plants look happy in their new home, water them about once a week. A gardening drip line that delivers water once a week is an excellent way to keep the marigolds happy as they grow.","It grows best in fertile, well drained soils from full sun to part shade. Calendula blooms throughout the season with yellow to orange blossoms that open and close with the sun. Calendula is easily grown from seed","The dried petals of the calendula plant are used in tinctures, ointments, and washes to treat burns, bruises, and cuts, as well as the minor infections they cause. Calendula also has been shown to help prevent dermatitis or skin inflammation in people with breast cancer during radiation therapy."
Buttercup flower,Ranunculus,"water 9 - 10 mm weekly to keep the topsoil moist. When the plant is dormant with only the bulb present under the soil, water 7 - 8 mm every two weeks.","Creeping buttercup grows particularly well in moist or poorly drained situations, although it will also colonize sandy and gravel-based soils with sufficient moisture.","Despite safety concerns, buttercup is used for arthritis, nerve pain, skin problems, and swelling (inflammation) of the main airways in the lung (bronchitis), but there is no good scientific evidence to support these uses."
Bromeliad,Bromeliaceae,"Bromeliads don't require much water, so you can water them when the soil feels dry or once a week if you want to keep them watered regularly. If you forget to water them, there's no need to worry. The leaves will still stay green until they wilt completely.","When growing bromeliads, don't expose them to temperatures lower than 40 degrees. They do best indoors with humidity levels between 40 and 60 percent. To increase humidity, set bromeliad's pot in a saucer of gravel filled with water. Make sure the bromeliad's roots are not submerged, or the plant might get root rot","Scientific research shows that bromeliads can improve indoor air quality after business hours. While most common indoor plants purify the air during the day, bromeliads release oxygen and remove air pollutants during the night."
Bougainvillea,Bougainvillea glabra,water on the soil if it appears dry. Too much water will rot the cutting. The bougainvillea cuttings take seven to ten weeks to develop root. The new growth will emerge in 7-10 weeks depending on the temperature,"Bougainvillea does best at elevations from 10 to 2500 feet. Bougainvillea can tolerate hot dry locations, with temperatures over 35-40°C. It does well in locations with a minimum of 18°C at night and 23-35°C during the day.","The aqueous extract and decoction of this plant have been used as fertility control among the tribal people in many countries. Furthermore, it has been shown to possess anticancer, antidiabetic, antihepatotoxic, anti-inflammatory, antihyperlipidemic, antimicrobial, antioxidant, and antiulcer properties."
Blue vervain,Verbena hastata,"blue vervain  is a hardy plant. While it can survive in temperatures between 14 - 19 ℃, it prefers temperatures between 20 - 26 ℃ to encourage an abundance of flowers. While it is technically a perennial, some find it easier to grow the blue vervain as an annual plant, depending on location and variety.","Habitat. Blue Vervain can be expected to grow in areas with moist to wet soil and full to partial sun. It is often found in meadows, streambanks, pastures, marshes, waste areas, fields, river bottom prairies, and ditches. It can grow in degraded lands and disturbed areas.","Blue Vervain typically has a bitter taste but leaves and seeds can be soaked in cold water multiple times to offset the bitterness. The roots of the plant can be used for internal medicine to treat depression, anxiety, coughs, colds, fevers, stomachaches, cramps, jaundice, and headaches."
Blue chicory,Cichorium intybus,"water needs will repeatedly change throughout the seasons. During most of spring and summer, you should water your Common chicory about once every week. As the heat of summer arrives, you should plan to increase your watering frequency to once or twice per day. ",This easy to grow plant prefers full sun and well-drained soil though its withstands a wide variety of soil types. It does best cool weather and one established can be quite drought tolerant though it does not do well in heat and humidity so it can suffer in southern summers.,"The flowers of the chicory plant (Cichorii flos) are used as a herbal treatment of everyday ailments such as a tonic and appetite stimulant and as a treatment of gallstones, gastroenteritis, sinus problems, cuts, and bruises"
Baby breath flower,Gypsophila elegans ,You have to allow these blooms to absorb water for at least two to three hours. These stems of baby's breath saturated with water can easily survive for 2 to 3 days out of water.,"Baby's breath prefers full sun, so pick a spot that gets at least six hours of direct sunlight a day. 2. Prepare the soil. In terms of soil, baby's breath will do best in well-draining soil a little on the sandy side, with plenty of organic matter and a pH between 7.0 to 7.5","A few species are commercially cultivated for several uses, including floristry, herbal medicine, and food. The baby's-breath most commonly used in flower arrangements such as bouquets is the common gypsophila, G. paniculata."
Aster,Aster,Water at least once a week · Water well in dry weather · Water asters in pots at least every other day.,"Prefers cooler climates with day temperature of 20-300C, night temperature of 15-170C and relative humidity of 50-60%. Bright sunlight is required for growth and flowering. Propagation and planting: Propagated through seeds; seed rate is 2.5 - 3.0 kg/ha.","Either dried or fresh, the flowers and leaves of the Aster plant can be eaten. However, they are most commonly used nowadays in herbal teas, fresh in salads, or used as garnish. It has several health benefits and has traditionally been used in the treatment of weak skin, pain, fevers and diarrhea"
Asparagus,Asparagus officinalis,"Asparagus patches should receive at least one inch of water every week. If they have not received an inch of rain in the last week, soak the soil with water. Asparagus growing in sandy soil should be watered more than once per week in the absence of rain, and heavy clay soils may not need to be watered as often.","Soil Requirements for Asparagus Cultivation:- Asparagus can be grown in wide range of soils. However, well-drained soils rich in organic matter with pH 6.5 to 7.5 are ideal for its cultivation. If the soil is more acidic in nature, liming should be done. On heavy soils consider creating raised beds.","Asparagus (Asparagus officinalis) is a plant widely grown as a vegetable. The spears are commonly eaten. The root and seeds are used to make medicine. Asparagus can increase urine production and is also a good source of dietary fiber, folic acid, vitamin C, vitamin E, vitamin B6, and several minerals."
Anemone flower,windflower,"Give Anemones at least one inch of water per week in the peak of summer. Depending on the amount of light the patch receives and how quickly the soil drains, you may need to water less often or more often as the seasons change. Include any rain that falls naturally in your plans for watering these plants.","All anemones grow in any reasonable soil that has good drainage. Grow Anemone blanda in pots and borders in sun or partial shade, Anemone coronaria in full sun and free-draining soil, and Anemone nemorosa in partial shade in humus-rich, slightly damp soil.","Various medicinal compounds have been found in Anemone plants, especially triterpenoid saponins, some of which have shown anti-cancer activities. Some Anemone compounds and extracts display immunomodulatory, anti-inflammatory, antioxidant, and antimicrobial activities"
belladonna lily,amaryllis,"Little watering is necessary until the bud and stem appears, then you'll need to water more often. Check the soil surface with your fingertips – it should be slightly damp. When the soil feels dry to the touch, water sparingly, no more than once a week.","The optimal environment is a room with a lot of natural light with temperatures between 68-77 degrees (F). In the early weeks prior to sprouting, it is ok to place the potted bulbs in a dark place if the temperature is within range.","Hippeastrum alkaloids help with depression, seizures, and anxiety."
Mini carnation purple,Dianthus caryophyllus.,"Carnations typically need to be watered about once per week. The plants can tolerate short periods of drought or dryness and are sometimes considered drought tolerant. As long as the soil is well drained, the plants can tolerate heat, heavy rainfall, humidity, or dryness",Carnations will grow best in temperatures that are 50-65 degrees during the day and 40-50 degrees at night.,"Mini Carnations are also known as “spray” carnations because on each individual stem, there are multiple smaller flower blooms. These little beauties not only thrive with a long vase life but also can be used in a variety of arrangements such as garlands or kissing balls to bouquets and boutonnieres."
Milk thistle flower,Silybum marianum,"Little watering is necessary until the bud and stem appears, then you'll need to water more often","Milk thistle is considered drought resistant and normal rainfall will often suffice. Both water excess and deficit inhibits silymarin accumulation (Andrzejewska et al., 2011). In a Mediterranean environment, under severe drought conditions, the crops should be irrigated during seed growth and filling.","Historically, people have used milk thistle for liver disorders and gallbladder problems. Milk thistle is promoted as a dietary supplement for hepatitis, cirrhosis, jaundice, diabetes, indigestion, and other conditions."
Madagascar Periwinkle,Catharanthus roseus,"However, the madagascar periwinkle does not do well in waterlogged soil; water it thoroughly after planting, and then only water it again after the soil dries out. After that, water it once every 3-4 days in the spring, and every 2-3 days in the summer. You can drop this down to once a week in the fall and winter.","It prefers to be grown in full sun and well-drained soil, and is easily propagated from cuttings. Gardeners should prune the plant regularly to help encourage the development of a more compact plant that can be used as bedding or ground cover.","Overview. Madagascar periwinkle is a plant. The parts that grow above the ground and the root are used to make medicine. Madagascar periwinkle is used for diabetes, cancer, sore throat, cough, insect bite, and many other conditions, but there is no good scientific evidence to support these uses."
Lisianthus Flower,Eustoma,"Lisianthus prefers to have an even amount of water, about 1 inch per week. If it doesn't rain often, the plant will need to be watered. Young seedlings should be kept moist until they're mature, but even in maturity, the flowers perform best when they receive plenty of water","Lisianthus is a heat-loving plant that is native to areas where the days are relatively dry and the summer nights are warm, though they will flower more profusely if given more moisture. They do not mind hot conditions and can even tolerate a bit of drought, though this may reduce the flowers.","Aesthetic Uses: Beautification, Bouquets, Showy Purposes and Used for decorating walls, fences, gates, hedges"
Larkspur flower,Delphinium ajacis,"Larkspur doesn't like to stay wet for long periods, but it does need consistent moisture. Be sure that plants stay evenly moist, especially when flowering. If they remain too dry for too long, plants can become stunted and have poor bud set, so you may miss out on blooms.","Grow larkspur in moist but well-drained soil in full sun. They are tall plants, so work best at the back of a sunny border. Avoid windy spots, as wind can blow them over.","The seed is anthelmintic, mildly diuretic, hypnotic, purgative and vasodilator. It has been used internally in the treatment of spasmodic asthma and dropsy. The flowers or the whole plant are mildly diuretic and hypotensive."
Jonquil flower,Narcissus jonquilla,Provide daffodils with about an inch of water per week while they are putting on foliage and blooming. Bulbs that are planted under trees should be watered twice a week because of competition for water with thirsty tree roots. Continue watering for three weeks after blooms fade.,Jonquils prefer full winter sun or partial shade to flower well. Planting beneath a deciduous tree can be ideal as it lets through the full sun in winter and dappled light in the spring and summer months.,"jonquil, (Narcissus jonquilla), bulbous herb of the amaryllis family (Amaryllidaceae), commonly grown as a garden flower. Jonquils are native to the Mediterranean region and are cultivated in similar climates around the world. The attractive flowers are fragrant and produce an oil used in perfumes. See also narcissus."
Hyacinth flower,Hyacinthus,"Do NOT overwater hyacinth. They do not like stand water or to have “wet feet.” Water ONLY if the soil is dry at a depth of 3 inches. If it is dry at that depth, it is time to water. Water deeply at soil level, not from overhead or with a sprinkler which encourages disease.","Most hyacinths need a chill to bloom, so they do best in areas where winter temperatures are consistently in the 30s. If you live in an area with warmer winters, buy pre-chilled bulbs and treat them as annuals.",Treats Cholera: The stem of this plant can be used to treat cholera. Heals Sore Throat: Save.  Treats Snake Bites
Harebell flower,Campanula rotundifolia,"Although they prefer a cool summer, the broad-leaved harebell can survive in temperatures up to 26 ℃, as long as they are regularly watered. If the temperature exceeds this, then the flowers will die, and the plant may not bloom again that year.","The plant thrives in temperatures around 16 - 18 ℃, and some varieties will survive cold temperatures down to -10 ℃. Although they prefer a cool summer, the broad-leaved harebell can survive in temperatures up to 26 ℃ If the temperature exceeds this, then the flowers will die, and the plant may not bloom again that year",The leaves of the Harebell plant are used in the preparation of salads. Its roots that are more or less parsnip-like are used as radish.
Golden champa flower,Magnolia champaca,"They necessitate a large amount of water. When the plants are placed in direct sunlight in warmer climates, you should water the Champa flower on a regular basis. Before watering your Champa flower plants in cold or humid weather, make sure to check the moisture content of the soil.",Champa plants like a warm and humid climate. They can withstand a certain level of heat. They are not resistant to freezing temperatures.,"Champaka is used as a stress relieving herb that slackens the visual signs of stress. With reduced stress, fewer fine lines and wrinkles appear on the skin. The potent essential oil of Champaka qualifies as the perfect natural skincare ingredient that delivers anti-aging results."
Forget me not,Myosotis,"Forget-me-nots thrive in moist soil conditions, which is why our gardening experts suggest watering them at about three to four times a week in the spring and summer. ""Plenty of water will ensure these bright faced beauties will bloom from spring through summer,"" Wilkness says","Grow forget-me-nots in moist, but well-drained soil in a sunny or shady spot. Planting forget-me-nots alongside other shade-loving plants, such as hosta, pictured, can make for an attractive display.","Forget-me-not is an herb. The whole plant is used to make medicine. Despite safety concerns, people take forget-me-not for lung problems and nosebleeds."
Fireweed flower,Chamaenerion angustifolium,Water — 1-2 times per week when established. water them when the top layer of the soil is dry,"Fireweed may be grown in well-drained, moist soil but they establish best with the addition of fertilizer. They grow best in full sun, but will tolerate some shade. Installation form (form, potential for successful outcomes, cost) – Seeds or cuttings.","Fireweed is an herb. The parts of the plant that grow above ground are used to make medicine. Fireweed is used for pain and swelling (inflammation), fevers, tumors, wounds, and enlarged prostate (benign prostatic hyperplasia, BPH). It is also used as an astringent and as a tonic."
Elderberry,Sambucus,"grows best on well-drained, fertile, loamy soils, and is adapted to sandy to clayey soils of moderate acidity (pH 5.5 to 7.0); it does not grow well on poorly- drained or highly alkaline soils","Elderberries are very easy to grow as long as they are planted in the right situation. They grow very well in consistently moist, fertile soils.","Elderflower is used for common cold, flu (influenza), swelling (inflammation) of the nasal cavity and sinuses (rhinosinusitis), and many other conditions, but there is no good scientific evidence to support these uses. In foods and beverages, elderflower is used as a flavoring component."
Downy yellow violet,Viola pubescens,Only water once a week and allow the plant to completely dry between waterings. One ingenious way of making sure your African violets are never over watered is by setting up a wicking system,"This plant grows in open woods in mesic to dry conditions, and in floodplains along rivers and streams. Downy yellow violets may not be as aggressive as some other violets in a garden, but will spread over time in ideal conditions — part shade and medium to dry soils. Plants can be divided and moved to new areas.",Downy yellow (v. pubescens) *roots used to ease sore throats among other medicinal. Kidney-leaved (v. renifolia) *roots used to induce vomiting.
Delonix regia flower,Royal poinciana,"It is a general rule for Delonix to keep the soil moist at all times. When the weather is warm and sunny, it grows quickly. Young trees require a lot of water to grow, especially in their first summer, but don't overwater as this can damage the tree's roots.",Flame trees are propagated from seed. Let the dry seeds swell in lukewarm water for a few days before you put them in cultivation soil. Keep them at a steady temperature of 68° F / 20° C. It will take about three weeks until the seeds germinate,"Traditionally Delonix regia (Boj.) Raf. has been used in various ailments such as chronic fever, antimicrobial, constipation, inflammation, arthritis, hemoplagia, piles, boils, pyorrhea, scorpion bite, bronchitis, asthma and dysmenorrhoea."
Dandelion,Taraxacum,"Dandelions like moist soil, so you should water them regularly to keep them hydrated. Make sure that the top two inches of the soil are dry before each round of watering","Dandelion is a short-lived perennial that will grow just about anywhere, regardless of soil conditions, but rich soil will improve its growth.","The leaves are used to stimulate the appetite and help digestion. Dandelion flower has antioxidant properties. Dandelion may also help improve the immune system. Herbalists use dandelion root to detoxify the liver and gallbladder, and dandelion leaves to help kidney function."
Daisy Fleabane,Erigeron annuus,"Water the plants as needed to keep their soil moist but not soaking wet. Although daisy fleabane plants don't do well in completely waterlogged soil, the plants are suitable for garden spaces that drain more slowly than most plants require","Daisies prefer rich fast-draining soil, plenty of water, and ample sunshine. Healthy soil means healthy roots for your daisies, so it's best to put the time in to amend the soil in your garden before planting.","Today, it continues to be valued for its astringent properties and for its use in the treatment of gastro-intestinal problems such as diarrhea and for the effective treatment of bleeding hemorrhoids as an anti-rheumatic, diuretic, emmenagogue, styptic, and many other traditional uses."
Daisy,Bellis perennis,"Daisies don't require a set watering schedule; in fact, they prefer the soil to dry out somewhat between waterings. Check the top 4-5 in (10.2-12.7 cm) of soil – if it's dry, water the daisies deeply from underneath so that their leaves don't get wet. The best time to do this is in the morning.","Daisies prefer rich fast-draining soil, plenty of water, and ample sunshine. Healthy soil means healthy roots for your daisies, so it's best to put the time in to amend the soil in your garden before planting.","People take wild daisy tea for coughs, bronchitis, disorders of the liver and kidneys, and swelling (inflammation). They also use it as a drying agent (astringent) and as a ""blood purifier."" Some people take homeopathic wild daisy for preventing problems during childbirth, pain and soreness, and minor bleeding."
nan,nan,nan,nan,nan
